Subject,MONETARY_dprime_loglinear,SOCIAL_dprime_loglinear,MONETARY_dprime_snodgrass,SOCIAL_dprime_snodgrass
s0105-pilot,0.7331045341757259,0.3504927920202734,0.7564947362069987,0.3589076078904583
s1000,-0.5284049500127405,-0.018868342905324464,-0.5420566301795939,-0.01909910898433964
s1143,-0.29572269945216134,0.0,-0.30298044805620655,0.0
s1170,0.5933845850715915,0.06885531267480328,0.7078444642748352,0.07002537856340645
s1228-pilot,0.06249680218955339,-0.28221614706250825,0.06417190797310757,-0.2888093550744635
s1253,-0.12188696356506776,0.16876338663575552,-0.1250659629145428,0.17282155997052948
s1287,0.5329979556502529,0.11813061624207151,0.5461187265932749,0.12098580147734361
s1323,-0.20537884817458918,0.20813834739804699,-0.20978673108373336,0.21321359334125378
s1324,-0.044629739703892723,0.4577093236991914,-0.045406832887889714,0.48572922956195963
s1350,0.08282434677454775,-0.8030875452920054,0.0838902097380615,-0.688303899254713
s1476,0.2289970128886126,0.1731418555633588,0.23448015905057223,0.1773191012011324
s1595,0.3617647746664182,0.06118322494066604,0.37101019951013464,0.06271519314824459
s1630,0.1573106846101707,0.16779177890708863,0.16137904273423911,0.17578295835832658
s169,0.470657742139034,0.24881930407956987,0.48208078777205365,0.2553030589041475
s172,0.34934653796444065,0.0,0.35788826416220504,0.0
s1745,0.1902152239125653,-0.02439370572155341,0.2005167640137302,-0.024857881031036033
s191,0.2817991709590719,-0.5702045521236281,0.2932263076629872,-0.5867086457674051
s243,0.29572269945216134,0.02846694003721143,0.30298044805620655,0.02912805501100854
s313,0.07801818645934622,0.8187932866947563,0.07966135115178771,0.842967272846649
s331,0.23532887106951692,-0.1782502776109359,0.24104039388602683,-0.18259416734645556
s333,0.0,0.053264641018229975,0.0,0.054419100850087956
s35,-0.15459133523035212,0.17274092213830106,-0.1564457960317986,0.18400317777956987
s4074,0.5715507768307144,-0.06420450893538249,0.6851774095495915,-0.06589095233715468
s4127,0.7107285941782868,-0.4348322414113318,0.7319215079580517,-0.4453143108066838
s418,0.17700213579652388,0.22213996748694465,0.18132329410070394,0.22952312448539214
s4210,0.0,-0.009016804955585656,0.0,-0.00926329482658339
s4222,-0.008670316079074841,0.18529690156656245,-0.009106056480087416,0.19108414785878208
s4272,0.07784338919370715,0.42485498257403165,0.07728246342177658,0.4370669448769726
s4326,0.5764720600079314,-0.29572269945216134,0.5910857552905513,-0.30298044805620655
s4331,-0.09365583634881819,0.14377998533573355,-0.095408592381245,0.15082967977723216
s4342,0.06821194305608236,-0.08772552216959073,0.06810198485249286,-0.11728502664130214
s4345,0.4155425699075779,-0.04157114185023014,0.42582345658589255,-0.04377886798254249
s4347,0.11847612435318519,0.005443723295571225,0.12139228084618466,0.005707103584839529
s4348,0.19127347007833112,0.20073077957564645,0.19631204471497285,0.20546440906712385
s4351,0.4344949484042057,-0.24881930407956973,0.4463007088930211,-0.25530305890414734
s4361,0.10679183984380491,-0.014689230737963799,0.10929210537720901,-0.01901123971796259
s4362,0.1289730133052684,0.058326735272993036,0.13242946361290922,0.05971709978532289
s4417,-0.39592565910598637,0.038729419982994895,-0.406790301959134,0.03995596654715572
s4418,0.6407376191672722,0.3149353468875299,0.6708437270450578,0.3252046893982762
s4419,0.6015276427391131,0.058326735272993174,0.6168486837213962,0.05971709978532289
s4423,0.3406948270877956,0.19198629970125314,0.3487556955170447,0.21839250612306027
s4427,-0.1573106846101707,0.308892775007113,-0.16137904273423911,0.3171882008888491
s4429,0.3854994132378309,0.26240376446996727,0.40147274416883805,0.2759319161347671
s4436,0.3532426227153447,-0.5766064376515667,0.36536925036312917,-0.5921063420296966
s4440,0.4557288443968438,0.39616692889150007,0.4708612842810464,0.4061916104505548
s4446,0.1573106846101707,0.057258873855298265,0.16137904273423911,0.061826167180047964
s4447,0.18826586917127686,-0.06848517208112692,0.1921984239146302,-0.07593354646786821
s4449,0.5932732084356117,-0.12540769459796786,0.6116262379506696,-0.13113367573200685
s4450,0.17886995273582948,0.2004767618681268,0.18333233501636437,0.2067568616669197
s4459,-0.07615498422369116,0.025141514047450686,-0.07919557535388555,0.024949111206837182
s4475,0.09409257872249359,0.19178227869884362,0.09651037833195293,0.1980855207032462
s4482,1.066067902555237,0.48347595158211953,1.0949606967240324,0.4979232683442794
s4531,0.3346395216475505,0.5676442288825094,0.3443881429153357,0.5817464608131516
s454,-0.10370024227875896,0.25671621033787595,-0.10824643650585086,0.2630289844947435
s4631,-0.058326735272993174,0.6420313479473718,-0.05971709978532289,0.6584982270555749
s4643,0.4155425699075779,-0.06458338608337011,0.42582345658589255,-0.0664732713860966
s4650,0.5914238595667147,-0.005431489699428582,0.6143407375630217,-0.004904719089250498
s523,0.03655113432974397,-0.11685274671633186,0.0376430035311926,-0.11964811303984217
s578,0.012308306128118188,0.26587745653292194,0.012906881382509991,0.27240704823530026
s601,-0.11994057843649308,0.30036827056556975,-0.12296807826350159,0.30783436594034064
s606,0.5925447057041016,-0.11685274671633186,0.6071467506865966,-0.11964811303984217
s673,0.5430016312957743,0.04154544500075055,0.5569176704668769,0.042864492468482174
s692,-0.38027261010146524,0.23940436352038946,-0.3903526062344404,0.2452780317775567
s701,-0.12897301330526836,0.1348273043665874,-0.13242946361290922,0.13862699417167004
s730,0.403666427432102,0.4057037804605783,0.4477508450997294,0.4491686465870399
s745,0.06207991840681132,-0.4468581857103472,0.06462094249488765,-0.45794118975479203
s807,0.30007074532368727,0.4026936215974977,0.3074749369668042,0.41302934516103545
s820,-0.08966367620486008,0.048535932707648555,-0.09185774646633507,0.04947407326913372
s858,0.12235082207710223,-0.23410885628866143,0.1254135558864277,-0.239729469578028
s926,0.35852353763877454,0.29446122776267625,0.3695877269991619,0.3020834488050853
test1,-0.1825549876683408,0.058326735272993036,-0.18898184205750113,0.05971709978532289
