tract,outcome,n,maxc,thr,sig,p,nodes,dirn
posthipp,MONETARY_valacc_negative,53,0,27,False,,,
posthipp,MONETARY_gist_given_error,52,0,25,False,,,
anthipp,MONETARY_hit_negative,53,0,27,False,,,
posthipp,MONETARY_strict_hit,53,12,27,False,,,
posthipp,MONETARY_pr,53,0,26,False,,,
anthipp,SOCIAL_pred_valacc,52,0,28,False,,,
anthipp,SOCIAL_pr,52,0,29,False,,,
posthipp,SOCIAL_pred_valacc,52,0,26,False,,,
anthipp,SOCIAL_prop_remember,52,0,30,False,,,
posthipp,SOCIAL_valacc_positive,52,0,27,False,,,
anthipp,MONETARY_Aprime,53,0,28,False,,,
posthipp,SOCIAL_pr,52,28,25,True,0.0426,28-55,Positive
posthipp,MONETARY_rt_hit_minus_miss,52,0,26,False,,,
posthipp,MONETARY_hit_valenced,53,0,25,False,,,
anthipp,SOCIAL_criterion,52,0,29,False,,,
anthipp,MONETARY_hit_positive,53,9,27,False,,,
posthipp,MONETARY_valacc_positive,53,0,26,False,,,
anthipp,MONETARY_motivated_mem,53,0,30,False,,,
posthipp,MONETARY_Aprime,53,0,27,False,,,
posthipp,SOCIAL_valacc_negative,52,0,26,False,,,
anthipp,SOCIAL_Aprime,52,0,29,False,,,
posthipp,SOCIAL_gist_error_ratio,51,0,26,False,,,
posthipp,MONETARY_hit_pos_minus_neg,53,1,26,False,,,
anthipp,SOCIAL_gist_error_ratio,51,0,29,False,,,
posthipp,SOCIAL_dprime,52,24,25,False,,,
posthipp,MONETARY_hit_negative,53,0,25,False,,,
anthipp,SOCIAL_precision_given_hit,51,7,28,False,,,
anthipp,MONETARY_prop_remember,53,0,28,False,,,
posthipp,MONETARY_n_fa,52,0,26,False,,,
anthipp,MONETARY_gist_error_ratio,52,0,28,False,,,
posthipp,MONETARY_hit_positive,53,10,26,False,,,
anthipp,MONETARY_hit_valenced,53,0,28,False,,,
posthipp,MONETARY_valacc_valenced,53,0,27,False,,,
posthipp,MONETARY_val_dprime,53,0,28,False,,,
anthipp,SOCIAL_motivated_mem,52,0,30,False,,,
anthipp,MONETARY_pr,53,0,28,False,,,
posthipp,MONETARY_pred_valacc,53,0,27,False,,,
posthipp,MONETARY_motivated_valacc,53,4,25,False,,,
posthipp,MONETARY_full_precision,53,12,27,False,,,
anthipp,MONETARY_fa_fabrication,53,0,26,False,,,
posthipp,MONETARY_rt_mean,53,0,26,False,,,
posthipp,MONETARY_fa_source_conf,53,0,27,False,,,
posthipp,SOCIAL_motivated_mem,52,0,26,False,,,
posthipp,MONETARY_criterion,53,0,27,False,,,
anthipp,MONETARY_criterion,53,0,27,False,,,
posthipp,SOCIAL_hit_negative,52,8,29,False,,,
anthipp,SOCIAL_fa_fabrication,52,0,30,False,,,
anthipp,MONETARY_hit,53,0,27,False,,,
posthipp,MONETARY_valacc_all_old,53,0,27,False,,,
posthipp,SOCIAL_dprime_snodgrass,52,27,25,True,0.0454,28-54,Positive
anthipp,MONETARY_pred_valacc,53,0,30,False,,,
anthipp,SOCIAL_fa_ll,52,0,30,False,,,
anthipp,SOCIAL_hit_pos_minus_neg,52,22,29,False,,,
anthipp,SOCIAL_rt_sd,52,0,28,False,,,
posthipp,SOCIAL_full_precision,52,0,26,False,,,
posthipp,SOCIAL_fa_source_conf,52,0,27,False,,,
anthipp,MONETARY_rt_hit_minus_miss,52,0,30,False,,,
anthipp,SOCIAL_rt_mean,52,0,28,False,,,
posthipp,SOCIAL_Aprime,52,27,25,True,0.0448,27-53,Positive
anthipp,SOCIAL_hit,52,0,29,False,,,
posthipp,SOCIAL_hit_positive,52,0,26,False,,,
posthipp,SOCIAL_valacc_all_old,52,0,27,False,,,
anthipp,MONETARY_n_fa,52,0,28,False,,,
anthipp,MONETARY_fa_ll,53,0,27,False,,,
anthipp,MONETARY_hit_pos_minus_neg,53,0,26,False,,,
posthipp,SOCIAL_precision_given_hit,51,0,25,False,,,
posthipp,MONETARY_valacc_given_hit,53,6,27,False,,,
anthipp,SOCIAL_rt_hit_minus_miss,50,16,29,False,,,
posthipp,MONETARY_dprime_loglinear,53,0,27,False,,,
posthipp,MONETARY_precision_given_hit,52,3,25,False,,,
posthipp,SOCIAL_fa_adjCriterion,52,29,25,True,0.0386,27-55,Negative
posthipp,MONETARY_dprime,53,0,27,False,,,
posthipp,SOCIAL_fa_fabrication,52,0,27,False,,,
anthipp,SOCIAL_dprime,52,0,29,False,,,
posthipp,MONETARY_fa_adjCriterion,53,0,26,False,,,
anthipp,MONETARY_valacc_all_old,53,0,27,False,,,
anthipp,SOCIAL_dprime_snodgrass,52,0,29,False,,,
posthipp,SOCIAL_gist_above_chance,51,0,26,False,,,
anthipp,SOCIAL_fa_source_conf,52,0,28,False,,,
anthipp,SOCIAL_full_precision,52,0,29,False,,,
anthipp,SOCIAL_valacc_all_old,52,0,27,False,,,
anthipp,MONETARY_fa_source_conf,53,0,27,False,,,
posthipp,SOCIAL_hit_valenced,52,0,27,False,,,
anthipp,MONETARY_dprime,53,5,29,False,,,
posthipp,SOCIAL_prop_remember,52,0,27,False,,,
anthipp,MONETARY_rt_sd,53,2,29,False,,,
anthipp,MONETARY_dprime_snodgrass,53,0,27,False,,,
posthipp,MONETARY_fa_fabrication,53,0,26,False,,,
anthipp,MONETARY_full_precision,53,1,29,False,,,
posthipp,MONETARY_gist_above_chance,52,0,25,False,,,
anthipp,MONETARY_valacc_negative,53,0,29,False,,,
anthipp,SOCIAL_HitRateBias,52,19,28,False,,,
posthipp,SOCIAL_HitRateBias,52,0,26,False,,,
anthipp,SOCIAL_fa,52,0,30,False,,,
posthipp,SOCIAL_dprime_loglinear,52,27,25,True,0.0452,28-54,Positive
posthipp,SOCIAL_valacc_given_hit,52,8,26,False,,,
anthipp,SOCIAL_FABias,52,35,28,True,0.0362,43-77,Negative
posthipp,MONETARY_fa,53,0,26,False,,,
posthipp,MONETARY_FABias,53,2,26,False,,,
posthipp,MONETARY_valacc_neutral,53,6,26,False,,,
anthipp,SOCIAL_fa_adjCriterion,52,0,29,False,,,
posthipp,MONETARY_enc_rt_mean,53,0,24,False,,,
anthipp,SOCIAL_motivated_valacc,52,0,27,False,,,
anthipp,MONETARY_valacc_positive,53,0,29,False,,,
posthipp,SOCIAL_valacc_neutral,52,3,25,False,,,
anthipp,SOCIAL_hit_valenced,52,0,28,False,,,
anthipp,MONETARY_rt_mean,53,0,28,False,,,
anthipp,MONETARY_FABias,53,0,29,False,,,
anthipp,MONETARY_motivated_valacc,53,0,29,False,,,
posthipp,SOCIAL_fa,52,0,26,False,,,
posthipp,MONETARY_dprime_snodgrass,53,0,27,False,,,
posthipp,SOCIAL_enc_rt_mean,52,0,26,False,,,
posthipp,SOCIAL_hit_ll,52,0,27,False,,,
anthipp,SOCIAL_enc_rt_mean,52,0,28,False,,,
anthipp,SOCIAL_hit_negative,52,0,29,False,,,
anthipp,MONETARY_hit_neutral,53,0,27,False,,,
anthipp,MONETARY_precision_given_hit,52,0,27,False,,,
posthipp,SOCIAL_motivated_valacc,52,0,26,False,,,
anthipp,MONETARY_fa,53,0,27,False,,,
anthipp,MONETARY_valacc_valenced,53,0,29,False,,,
anthipp,SOCIAL_valacc_given_hit,52,10,27,False,,,
anthipp,MONETARY_valacc_neutral,53,0,29,False,,,
anthipp,MONETARY_dprime_loglinear,53,0,27,False,,,
posthipp,MONETARY_HitRateBias,53,0,26,False,,,
anthipp,SOCIAL_dprime_loglinear,52,0,29,False,,,
anthipp,MONETARY_valacc_given_hit,53,0,27,False,,,
anthipp,SOCIAL_hit_positive,52,0,27,False,,,
anthipp,SOCIAL_valacc_neutral,52,0,28,False,,,
anthipp,SOCIAL_val_dprime,52,7,27,False,,,
posthipp,SOCIAL_strict_hit,52,0,26,False,,,
posthipp,SOCIAL_hit,52,0,27,False,,,
anthipp,MONETARY_gist_above_chance,52,0,28,False,,,
posthipp,SOCIAL_FABias,52,52,26,True,0.0076,26-77,Negative
anthipp,MONETARY_HitRateBias,53,0,26,False,,,
posthipp,SOCIAL_rt_mean,52,0,26,False,,,
posthipp,SOCIAL_criterion,52,0,28,False,,,
posthipp,SOCIAL_n_fa,51,0,25,False,,,
posthipp,MONETARY_prop_remember,53,0,26,False,,,
anthipp,SOCIAL_gist_given_error,51,0,29,False,,,
anthipp,MONETARY_pairsep_dprime,53,0,27,False,,,
posthipp,SOCIAL_hit_pos_minus_neg,52,3,26,False,,,
anthipp,MONETARY_val_dprime,53,0,30,False,,,
anthipp,SOCIAL_pairsep_dprime,52,0,29,False,,,
posthipp,MONETARY_hit_neutral,53,0,27,False,,,
anthipp,MONETARY_gist_given_error,52,0,28,False,,,
anthipp,MONETARY_enc_rt_mean,53,0,29,False,,,
posthipp,MONETARY_rt_sd,53,14,28,False,,,
posthipp,SOCIAL_rt_hit_minus_miss,50,19,27,False,,,
posthipp,SOCIAL_rt_sd,52,0,26,False,,,
anthipp,MONETARY_strict_hit,53,1,29,False,,,
anthipp,SOCIAL_hit_ll,52,0,29,False,,,
anthipp,SOCIAL_valacc_positive,52,0,27,False,,,
posthipp,MONETARY_hit_ll,53,0,25,False,,,
posthipp,SOCIAL_gist_given_error,51,0,26,False,,,
posthipp,MONETARY_pairsep_dprime,53,0,27,False,,,
anthipp,SOCIAL_hit_neutral,52,0,28,False,,,
posthipp,SOCIAL_hit_neutral,52,0,27,False,,,
anthipp,SOCIAL_n_fa,51,0,26,False,,,
posthipp,SOCIAL_val_dprime,52,0,26,False,,,
anthipp,SOCIAL_gist_above_chance,51,0,29,False,,,
posthipp,MONETARY_motivated_mem,53,0,26,False,,,
posthipp,MONETARY_gist_error_ratio,52,0,25,False,,,
anthipp,SOCIAL_strict_hit,52,0,29,False,,,
anthipp,MONETARY_fa_adjCriterion,53,0,28,False,,,
posthipp,SOCIAL_fa_ll,52,0,26,False,,,
anthipp,SOCIAL_valacc_negative,52,0,25,False,,,
anthipp,MONETARY_hit_ll,53,0,27,False,,,
posthipp,MONETARY_hit,53,0,25,False,,,
posthipp,SOCIAL_pairsep_dprime,52,27,25,True,0.0454,28-54,Positive
posthipp,MONETARY_fa_ll,53,0,26,False,,,
